match_id,event_id,team,player,minute,second,period,pass_outcome,pass_height,pass_length,pass_technique,pass_type,body_part,play_pattern,recipient,location_x,location_y,end_location_x,end_location_y,P0_n_defenders_in_18yd_box,P0_n_attackers_in_6yd_box,P0_n_attackers_out_6yd_box,P0_GK_x,P0_GK_y,corner_side,zone_1_name,P0_n_att_zone_1,P0_n_def_zone_1,P0_total_n_zone_1,zone_3_name,P0_n_att_zone_3,P0_n_def_zone_3,P0_total_n_zone_3,zone_4_name,P0_n_att_zone_4,P0_n_def_zone_4,P0_total_n_zone_4,zone_5_name,P0_n_att_zone_5,P0_n_def_zone_5,P0_total_n_zone_5,zone_6_name,P0_n_att_zone_6,P0_n_def_zone_6,P0_total_n_zone_6,zone_7_name,P0_n_att_zone_7,P0_n_def_zone_7,P0_total_n_zone_7,zone_8_name,P0_n_att_zone_8,P0_n_def_zone_8,P0_total_n_zone_8,zone_9_name,P0_n_att_zone_9,P0_n_def_zone_9,P0_total_n_zone_9,zone_10_name,P0_n_att_zone_10,P0_n_def_zone_10,P0_total_n_zone_10,zone_11_name,P0_n_att_zone_11,P0_n_def_zone_11,P0_total_n_zone_11,zone_12_name,P0_n_att_zone_12,P0_n_def_zone_12,P0_total_n_zone_12,zone_13_name,P0_n_att_zone_13,P0_n_def_zone_13,P0_total_n_zone_13,zone_14_name,P0_n_att_zone_14,P0_n_def_zone_14,P0_total_n_zone_14,game_state,corner_execution_time_raw,corner_execution_time_label,match_date,home_team,away_team,xg_20s,xg_20s_def,goal_20s,goal_20s_def
3939904,bce2ef07-93f3-5e47-950d-c6df200f6db3,Atlético San Luis,Sébastien Antoine Luc Salles Lamonge,47,59,2,,Ground Pass,8.38,,Corner,Right Foot,From Corner,Luis Ronaldo Nájera Reyna,120.0,0.1,112.1,2.9,10,2,4,97.9,28.5,BR,Near-post low (6yd),0.0,0.0,0.0,Far-post high (6yd),0.0,2.0,2.0,Near-post channel (outside 6yd),0.0,0.0,0.0,Central corridor (outside 6-yard),1.0,0.0,1.0,Far-post corridor (outside 6yd),2.0,3.0,5.0,Deep central channel (penalty spot depth),0.0,0.0,0.0,Far-post high channel (deep back-post),0.0,0.0,0.0,Penalty-spot corridor,1.0,1.0,2.0,Short return – near,0.0,0.0,0.0,Short return – far,0.0,0.0,0.0,Short return – central,0.0,0.0,0.0,"Far-post low (6yd, mid-height)",0.0,0.0,0.0,Advanced wide return (touchline channel),0.0,0.0,0.0,-1,29.003000000000014,20-30 seconds,2024-09-29,Atlético San Luis,Santos Laguna,0.0791051984,0.0,1.0,0.0
3939904,0b0b6774-3de3-51ca-9d66-bb84c3b7619d,Atlético San Luis,Luis Ronaldo Nájera Reyna,63,53,2,Unknown,High Pass,41.15,Inswinging,Corner,Left Foot,From Corner,,120.0,80.0,111.7,39.7,10,1,4,109.4,30.4,TR,Near-post low (6yd),0.0,0.0,0.0,Far-post high (6yd),0.0,1.0,1.0,Near-post channel (outside 6yd),0.0,0.0,0.0,Central corridor (outside 6-yard),1.0,2.0,3.0,Far-post corridor (outside 6yd),3.0,3.0,6.0,Deep central channel (penalty spot depth),0.0,0.0,0.0,Far-post high channel (deep back-post),0.0,0.0,0.0,Penalty-spot corridor,0.0,0.0,0.0,Short return – near,0.0,0.0,0.0,Short return – far,0.0,1.0,1.0,Short return – central,0.0,0.0,0.0,"Far-post low (6yd, mid-height)",0.0,0.0,0.0,Advanced wide return (touchline channel),0.0,0.0,0.0,1,42.159000000000106,+40 seconds,2024-09-29,Atlético San Luis,Santos Laguna,0.0,0.0,0.0,0.0
3939904,cc5d847b-f12c-59aa-a073-4722778cc04d,Santos Laguna,Ramiro Sordo,68,32,2,Incomplete,High Pass,37.3,Outswinging,Corner,Right Foot,From Corner,Anthony Rubén Lozano Colón,120.0,80.0,112.8,43.4,11,0,6,115.4,37.3,TR,Near-post low (6yd),0.0,0.0,0.0,Far-post high (6yd),0.0,1.0,1.0,Near-post channel (outside 6yd),0.0,0.0,0.0,Central corridor (outside 6-yard),0.0,0.0,0.0,Far-post corridor (outside 6yd),1.0,3.0,4.0,Deep central channel (penalty spot depth),1.0,1.0,2.0,Far-post high channel (deep back-post),1.0,1.0,2.0,Penalty-spot corridor,3.0,2.0,5.0,Short return – near,0.0,0.0,0.0,Short return – far,0.0,0.0,0.0,Short return – central,0.0,0.0,0.0,"Far-post low (6yd, mid-height)",0.0,0.0,0.0,Advanced wide return (touchline channel),0.0,0.0,0.0,1,5.197000000000116,5-10 seconds,2024-09-29,Atlético San Luis,Santos Laguna,0.0,0.0,0.0,0.0
3939904,8e546b6d-c6b6-5ae2-9ebb-c50d7c89582b,Santos Laguna,Franco Misael Fagúndez Rosa,72,8,2,Incomplete,High Pass,31.81,Outswinging,Corner,Right Foot,From Corner,,120.0,80.0,114.3,48.7,11,1,5,115.2,38.1,TR,Near-post low (6yd),0.0,0.0,0.0,Far-post high (6yd),0.0,1.0,1.0,Near-post channel (outside 6yd),0.0,0.0,0.0,Central corridor (outside 6-yard),0.0,0.0,0.0,Far-post corridor (outside 6yd),2.0,3.0,5.0,Deep central channel (penalty spot depth),2.0,3.0,5.0,Far-post high channel (deep back-post),0.0,0.0,0.0,Penalty-spot corridor,1.0,2.0,3.0,Short return – near,0.0,0.0,0.0,Short return – far,0.0,0.0,0.0,Short return – central,0.0,0.0,0.0,"Far-post low (6yd, mid-height)",0.0,0.0,0.0,Advanced wide return (touchline channel),0.0,0.0,0.0,1,29.432999999999993,20-30 seconds,2024-09-29,Atlético San Luis,Santos Laguna,0.0,0.0,0.0,0.0
3939904,c108ae40-e493-581c-bec0-4ff7ad659dcf,Atlético San Luis,Benjamín Ignacio Galdames Millán,81,1,2,Incomplete,High Pass,31.85,Inswinging,Corner,Right Foot,From Corner,,120.0,0.1,115.3,31.6,9,0,5,92.4,39.6,BR,Near-post low (6yd),0.0,0.0,0.0,Far-post high (6yd),0.0,2.0,2.0,Near-post channel (outside 6yd),0.0,0.0,0.0,Central corridor (outside 6-yard),0.0,0.0,0.0,Far-post corridor (outside 6yd),3.0,5.0,8.0,Deep central channel (penalty spot depth),0.0,0.0,0.0,Far-post high channel (deep back-post),0.0,0.0,0.0,Penalty-spot corridor,2.0,0.0,2.0,Short return – near,0.0,0.0,0.0,Short return – far,0.0,0.0,0.0,Short return – central,0.0,0.0,0.0,"Far-post low (6yd, mid-height)",0.0,0.0,0.0,Advanced wide return (touchline channel),0.0,0.0,0.0,2,29.810999999999694,20-30 seconds,2024-09-29,Atlético San Luis,Santos Laguna,0.0,0.0,0.0,0.0
3939883,2111409d-7dde-5483-a5fa-b11998134681,América,Richard Rafael Sánchez Guerrero,1,26,1,,High Pass,77.22,Outswinging,Corner,Right Foot,From Corner,Erick Daniel Sánchez Ocegueda,120.0,80.0,95.7,6.7,10,0,5,117.0,40.0,TR,Near-post low (6yd),0.0,0.0,0.0,Far-post high (6yd),0.0,1.0,1.0,Near-post channel (outside 6yd),0.0,0.0,0.0,Central corridor (outside 6-yard),0.0,0.0,0.0,Far-post corridor (outside 6yd),1.0,5.0,6.0,Deep central channel (penalty spot depth),1.0,0.0,1.0,Far-post high channel (deep back-post),0.0,0.0,0.0,Penalty-spot corridor,3.0,1.0,4.0,Short return – near,0.0,1.0,1.0,Short return – far,0.0,1.0,1.0,Short return – central,0.0,0.0,0.0,"Far-post low (6yd, mid-height)",0.0,0.0,0.0,Advanced wide return (touchline channel),0.0,0.0,0.0,0,34.143,30-40 seconds,2024-09-18,América,Atlas,0.0,0.0,0.0,0.0
3939883,30d8deba-a91e-5a14-aeec-a42744c02f41,América,Richard Rafael Sánchez Guerrero,22,3,1,Incomplete,High Pass,37.28,Outswinging,Corner,Right Foot,From Corner,,120.0,80.0,111.1,43.8,10,0,5,117.8,41.0,TR,Near-post low (6yd),0.0,0.0,0.0,Far-post high (6yd),0.0,1.0,1.0,Near-post channel (outside 6yd),0.0,0.0,0.0,Central corridor (outside 6-yard),0.0,0.0,0.0,Far-post corridor (outside 6yd),3.0,5.0,8.0,Deep central channel (penalty spot depth),1.0,1.0,2.0,Far-post high channel (deep back-post),0.0,1.0,1.0,Penalty-spot corridor,1.0,1.0,2.0,Short return – near,0.0,0.0,0.0,Short return – far,0.0,0.0,0.0,Short return – central,0.0,0.0,0.0,"Far-post low (6yd, mid-height)",0.0,0.0,0.0,Advanced wide return (touchline channel),0.0,0.0,0.0,1,26.489000000000033,20-30 seconds,2024-09-18,América,Atlas,0.0,0.0,0.0,0.0
3939883,19ee0b28-cfb4-5ad2-b50e-7a5a8303ebb0,América,Richard Rafael Sánchez Guerrero,33,9,1,,High Pass,34.98,Straight,Corner,Right Foot,From Corner,Javairô Dilrosun,120.0,80.0,91.1,60.3,7,0,5,117.9,42.5,TR,Near-post low (6yd),0.0,0.0,0.0,Far-post high (6yd),0.0,1.0,1.0,Near-post channel (outside 6yd),0.0,0.0,0.0,Central corridor (outside 6-yard),0.0,1.0,1.0,Far-post corridor (outside 6yd),3.0,3.0,6.0,Deep central channel (penalty spot depth),0.0,0.0,0.0,Far-post high channel (deep back-post),0.0,0.0,0.0,Penalty-spot corridor,2.0,1.0,3.0,Short return – near,0.0,0.0,0.0,Short return – far,0.0,0.0,0.0,Short return – central,0.0,0.0,0.0,"Far-post low (6yd, mid-height)",0.0,0.0,0.0,Advanced wide return (touchline channel),0.0,0.0,0.0,1,32.10200000000009,30-40 seconds,2024-09-18,América,Atlas,0.0,0.0,0.0,0.0
3939883,5495e6e6-e846-51dd-816d-9603dbcb0030,América,Richard Rafael Sánchez Guerrero,46,59,2,,High Pass,41.13,Outswinging,Corner,Right Foot,From Corner,Henry Josué Martín Mex,120.0,80.0,111.8,39.7,0,0,0,,,TR,,,,,,,,,,,,,,,,,,,,,,,,,,,,,,,,,,,,,,,,,,,,,,,,,,,,,1,32.28,30-40 seconds,2024-09-18,América,Atlas,0.0,0.0,0.0,0.0
3939872,93dd22a1-ce61-53c0-9777-207735b8551d,Mazatlán,Edgar Yoel Bárcenas Herrera,9,37,1,,Ground Pass,28.06,,Corner,Right Foot,From Corner,Jesús Alonso Escoboza Lugo,120.0,80.0,95.8,65.8,0,0,0,,,TR,,,,,,,,,,,,,,,,,,,,,,,,,,,,,,,,,,,,,,,,,,,,,,,,,,,,,0,36.966999999999985,30-40 seconds,2024-09-14,Juárez,Mazatlán,0.0,0.0,0.0,0.0
3939872,9365ade6-4f04-5309-a4f6-856ccdca2e70,Mazatlán,Edgar Yoel Bárcenas Herrera,12,7,1,Incomplete,High Pass,34.56,Outswinging,Corner,Right Foot,From Corner,,120.0,80.0,116.7,45.6,10,0,6,107.1,37.0,TR,Near-post low (6yd),0.0,0.0,0.0,Far-post high (6yd),1.0,3.0,4.0,Near-post channel (outside 6yd),0.0,0.0,0.0,Central corridor (outside 6-yard),0.0,1.0,1.0,Far-post corridor (outside 6yd),2.0,4.0,6.0,Deep central channel (penalty spot depth),0.0,0.0,0.0,Far-post high channel (deep back-post),0.0,0.0,0.0,Penalty-spot corridor,3.0,1.0,4.0,Short return – near,0.0,0.0,0.0,Short return – far,0.0,0.0,0.0,Short return – central,0.0,0.0,0.0,"Far-post low (6yd, mid-height)",0.0,0.0,0.0,Advanced wide return (touchline channel),0.0,0.0,0.0,0,31.725000000000023,30-40 seconds,2024-09-14,Juárez,Mazatlán,0.0,0.0,0.0,0.0
3939872,5ff86c4b-544f-5d9f-bd40-bfbc31251320,Mazatlán,Edgar Yoel Bárcenas Herrera,13,51,1,Incomplete,High Pass,44.49,Outswinging,Corner,Right Foot,From Corner,,120.0,80.0,109.8,36.7,0,0,0,,,TR,,,,,,,,,,,,,,,,,,,,,,,,,,,,,,,,,,,,,,,,,,,,,,,,,,,,,0,46.38700000000006,+40 seconds,2024-09-14,Juárez,Mazatlán,0.0,0.0,0.0,0.0
3939872,86b7be43-07af-53c8-a1ed-15d302a6103c,Mazatlán,Jesús Alonso Escoboza Lugo,14,31,1,Incomplete,High Pass,46.48,Outswinging,Corner,Left Foot,From Corner,,120.0,0.1,110.5,45.6,10,0,5,114.8,14.6,BR,Near-post low (6yd),0.0,0.0,0.0,Far-post high (6yd),0.0,1.0,1.0,Near-post channel (outside 6yd),0.0,0.0,0.0,Central corridor (outside 6-yard),1.0,3.0,4.0,Far-post corridor (outside 6yd),3.0,3.0,6.0,Deep central channel (penalty spot depth),0.0,0.0,0.0,Far-post high channel (deep back-post),0.0,0.0,0.0,Penalty-spot corridor,1.0,1.0,2.0,Short return – near,0.0,0.0,0.0,Short return – far,0.0,0.0,0.0,Short return – central,0.0,0.0,0.0,"Far-post low (6yd, mid-height)",0.0,1.0,1.0,Advanced wide return (touchline channel),0.0,0.0,0.0,0,38.68299999999999,30-40 seconds,2024-09-14,Juárez,Mazatlán,0.0,0.0,0.0,0.0
3939872,0f66d9cc-d55d-5136-b63b-3f0e73751ebd,Mazatlán,Jesús Alonso Escoboza Lugo,16,18,1,Incomplete,High Pass,39.28,Inswinging,Corner,Left Foot,From Corner,,120.0,80.0,113.9,41.2,0,0,0,,,TR,,,,,,,,,,,,,,,,,,,,,,,,,,,,,,,,,,,,,,,,,,,,,,,,,,,,,0,30.884000000000015,30-40 seconds,2024-09-14,Juárez,Mazatlán,0.0,0.0,0.0,0.0
3939872,315682f5-a447-50da-b60a-b520c2d85c46,Juárez,Guilherme Castilho Carvalho,20,4,1,Out,High Pass,79.94,Inswinging,Corner,Right Foot,From Corner,,120.0,0.1,117.5,80.0,0,0,0,,,BR,,,,,,,,,,,,,,,,,,,,,,,,,,,,,,,,,,,,,,,,,,,,,,,,,,,,,0,45.705999999999904,+40 seconds,2024-09-14,Juárez,Mazatlán,0.0,0.0,0.0,0.0
3939872,7e154f0f-4b0a-553f-9311-0877f37e7bcd,Mazatlán,Edgar Yoel Bárcenas Herrera,21,38,1,,Ground Pass,21.22,,Corner,Right Foot,From Corner,Jesús Alonso Escoboza Lugo,120.0,80.0,99.9,73.2,0,0,0,,,TR,,,,,,,,,,,,,,,,,,,,,,,,,,,,,,,,,,,,,,,,,,,,,,,,,,,,,0,24.409000000000106,20-30 seconds,2024-09-14,Juárez,Mazatlán,0.0,0.0,0.0,0.0
3939872,930e5281-a0ac-5cf1-91f3-a815765fc976,Mazatlán,Edgar Yoel Bárcenas Herrera,28,44,1,Out,High Pass,83.43,Outswinging,Corner,Right Foot,From Corner,,120.0,80.0,96.0,0.1,0,0,0,,,TR,,,,,,,,,,,,,,,,,,,,,,,,,,,,,,,,,,,,,,,,,,,,,,,,,,,,,0,29.875,20-30 seconds,2024-09-14,Juárez,Mazatlán,0.0,0.0,0.0,0.0
3939872,a5cec6ce-d13f-585f-baf5-ed27e02689d4,Mazatlán,Jesús Alonso Escoboza Lugo,34,5,1,Incomplete,High Pass,43.17,Inswinging,Corner,Left Foot,From Corner,,120.0,80.0,112.4,37.5,8,1,3,111.1,35.9,TR,Near-post low (6yd),0.0,0.0,0.0,Far-post high (6yd),1.0,3.0,4.0,Near-post channel (outside 6yd),0.0,0.0,0.0,Central corridor (outside 6-yard),1.0,1.0,2.0,Far-post corridor (outside 6yd),1.0,1.0,2.0,Deep central channel (penalty spot depth),0.0,0.0,0.0,Far-post high channel (deep back-post),0.0,0.0,0.0,Penalty-spot corridor,0.0,0.0,0.0,Short return – near,0.0,0.0,0.0,Short return – far,0.0,0.0,0.0,Short return – central,0.0,0.0,0.0,"Far-post low (6yd, mid-height)",0.0,0.0,0.0,Advanced wide return (touchline channel),0.0,0.0,0.0,0,37.15300000000002,30-40 seconds,2024-09-14,Juárez,Mazatlán,0.0,0.0,0.0,0.0
3939872,0796d607-168f-5f2b-922a-8b8f72cb4e52,Mazatlán,Jesús Alonso Escoboza Lugo,42,15,1,,Ground Pass,6.41,,Corner,Right Foot,From Corner,Edgar Yoel Bárcenas Herrera,120.0,80.0,116.7,74.5,0,0,0,,,TR,,,,,,,,,,,,,,,,,,,,,,,,,,,,,,,,,,,,,,,,,,,,,,,,,,,,,0,41.534999999999854,+40 seconds,2024-09-14,Juárez,Mazatlán,0.0,0.0,0.0,0.0
3939872,1b911882-750f-5f6f-9fa1-cd500761c6b3,Juárez,Guilherme Castilho Carvalho,49,2,2,Incomplete,High Pass,43.47,Inswinging,Corner,Right Foot,From Corner,,120.0,0.1,113.0,43.0,9,1,5,91.0,41.6,BR,Near-post low (6yd),0.0,0.0,0.0,Far-post high (6yd),1.0,2.0,3.0,Near-post channel (outside 6yd),0.0,0.0,0.0,Central corridor (outside 6-yard),0.0,0.0,0.0,Far-post corridor (outside 6yd),0.0,0.0,0.0,Deep central channel (penalty spot depth),2.0,2.0,4.0,Far-post high channel (deep back-post),0.0,0.0,0.0,Penalty-spot corridor,2.0,3.0,5.0,Short return – near,0.0,0.0,0.0,Short return – far,0.0,0.0,0.0,Short return – central,0.0,0.0,0.0,"Far-post low (6yd, mid-height)",0.0,0.0,0.0,Advanced wide return (touchline channel),0.0,0.0,0.0,0,52.655,+40 seconds,2024-09-14,Juárez,Mazatlán,0.0585462898,0.0,0.0,0.0
3939872,4d240755-348d-5778-8a8b-31a1265a2258,Juárez,Guilherme Castilho Carvalho,51,34,2,Incomplete,High Pass,36.27,Inswinging,Corner,Right Foot,From Corner,,120.0,0.1,117.7,36.3,9,2,4,89.9,43.8,BR,Near-post low (6yd),0.0,0.0,0.0,Far-post high (6yd),0.0,1.0,1.0,Near-post channel (outside 6yd),0.0,0.0,0.0,Central corridor (outside 6-yard),0.0,0.0,0.0,Far-post corridor (outside 6yd),0.0,1.0,1.0,Deep central channel (penalty spot depth),1.0,1.0,2.0,Far-post high channel (deep back-post),0.0,0.0,0.0,Penalty-spot corridor,3.0,2.0,5.0,Short return – near,0.0,0.0,0.0,Short return – far,0.0,0.0,0.0,Short return – central,0.0,0.0,0.0,"Far-post low (6yd, mid-height)",0.0,0.0,0.0,Advanced wide return (touchline channel),0.0,0.0,0.0,0,44.553999999999974,+40 seconds,2024-09-14,Juárez,Mazatlán,0.0,0.0,0.0,0.0
3939872,c73aecfe-6549-585d-ad2b-659f5b1a1bbd,Juárez,Guilherme Castilho Carvalho,52,16,2,,High Pass,45.72,Outswinging,Corner,Right Foot,From Corner,Óscar Haret Ortega Gatica,120.0,80.0,111.9,35.0,7,0,3,108.6,42.7,TR,Near-post low (6yd),0.0,0.0,0.0,Far-post high (6yd),1.0,1.0,2.0,Near-post channel (outside 6yd),0.0,0.0,0.0,Central corridor (outside 6-yard),0.0,0.0,0.0,Far-post corridor (outside 6yd),2.0,2.0,4.0,Deep central channel (penalty spot depth),0.0,0.0,0.0,Far-post high channel (deep back-post),0.0,0.0,0.0,Penalty-spot corridor,0.0,0.0,0.0,Short return – near,0.0,0.0,0.0,Short return – far,0.0,0.0,0.0,Short return – central,0.0,0.0,0.0,"Far-post low (6yd, mid-height)",0.0,1.0,1.0,Advanced wide return (touchline channel),0.0,0.0,0.0,0,40.63299999999998,+40 seconds,2024-09-14,Juárez,Mazatlán,0.1164121851,0.0,1.0,0.0
3939872,0e6163fc-89b2-50a2-a8bc-c6fc7d54791f,Mazatlán,Jesús Alonso Escoboza Lugo,70,5,2,,Ground Pass,4.6,,Corner,Left Foot,From Corner,David Josué Colmán Escobar,120.0,80.0,116.7,76.8,0,0,0,,,TR,,,,,,,,,,,,,,,,,,,,,,,,,,,,,,,,,,,,,,,,,,,,,,,,,,,,,1,21.222999999999956,20-30 seconds,2024-09-14,Juárez,Mazatlán,0.0388822556,0.0,0.0,0.0
3939872,6078c55a-91a1-5e6c-9ba1-85a933a87c5c,Mazatlán,David Josué Colmán Escobar,73,38,2,,Low Pass,44.44,Straight,Corner,Right Foot,From Corner,Ramiro Árciga Zárate,120.0,0.1,89.9,32.8,9,1,4,111.9,0.7,BR,Near-post low (6yd),0.0,1.0,1.0,Far-post high (6yd),1.0,2.0,3.0,Near-post channel (outside 6yd),0.0,0.0,0.0,Central corridor (outside 6-yard),2.0,1.0,3.0,Far-post corridor (outside 6yd),1.0,0.0,1.0,Deep central channel (penalty spot depth),0.0,0.0,0.0,Far-post high channel (deep back-post),0.0,0.0,0.0,Penalty-spot corridor,0.0,1.0,1.0,Short return – near,0.0,0.0,0.0,Short return – far,0.0,0.0,0.0,Short return – central,0.0,0.0,0.0,"Far-post low (6yd, mid-height)",0.0,1.0,1.0,Advanced wide return (touchline channel),0.0,0.0,0.0,1,25.01299999999992,20-30 seconds,2024-09-14,Juárez,Mazatlán,0.0213623568,0.0,0.0,0.0
3939872,988045fa-098e-5f2e-9f5f-8dbac4469244,Mazatlán,Jesús Alonso Escoboza Lugo,76,37,2,,Ground Pass,29.08,,Corner,Left Foot,From Corner,Edgar Yoel Bárcenas Herrera,120.0,80.0,95.4,64.5,0,0,0,,,TR,,,,,,,,,,,,,,,,,,,,,,,,,,,,,,,,,,,,,,,,,,,,,,,,,,,,,1,48.447000000000116,+40 seconds,2024-09-14,Juárez,Mazatlán,0.0947448164,0.0,0.0,0.0
3939872,f53861f1-fc68-57b9-9fb9-0db73bd6ddae,Mazatlán,David Josué Colmán Escobar,93,41,2,,High Pass,75.08,Outswinging,Corner,Right Foot,From Corner,Ramiro Franco Zambrano,120.0,80.0,95.0,9.2,10,0,6,113.0,30.3,TR,Near-post low (6yd),0.0,0.0,0.0,Far-post high (6yd),0.0,2.0,2.0,Near-post channel (outside 6yd),0.0,0.0,0.0,Central corridor (outside 6-yard),2.0,1.0,3.0,Far-post corridor (outside 6yd),3.0,3.0,6.0,Deep central channel (penalty spot depth),1.0,1.0,2.0,Far-post high channel (deep back-post),0.0,0.0,0.0,Penalty-spot corridor,0.0,0.0,0.0,Short return – near,0.0,0.0,0.0,Short return – far,0.0,0.0,0.0,Short return – central,0.0,0.0,0.0,"Far-post low (6yd, mid-height)",0.0,0.0,0.0,Advanced wide return (touchline channel),0.0,0.0,0.0,1,25.159999999999854,20-30 seconds,2024-09-14,Juárez,Mazatlán,0.0,0.0,0.0,0.0
3939872,a164ca7f-2f0d-5d6e-b35d-aad1ce384911,Mazatlán,David Josué Colmán Escobar,98,26,2,Incomplete,High Pass,34.22,Outswinging,Corner,Right Foot,From Corner,,120.0,80.0,111.7,46.8,10,0,9,115.7,33.5,TR,Near-post low (6yd),1.0,0.0,1.0,Far-post high (6yd),0.0,1.0,1.0,Near-post channel (outside 6yd),0.0,0.0,0.0,Central corridor (outside 6-yard),1.0,1.0,2.0,Far-post corridor (outside 6yd),5.0,3.0,8.0,Deep central channel (penalty spot depth),1.0,0.0,1.0,Far-post high channel (deep back-post),0.0,0.0,0.0,Penalty-spot corridor,1.0,1.0,2.0,Short return – near,0.0,0.0,0.0,Short return – far,0.0,0.0,0.0,Short return – central,0.0,0.0,0.0,"Far-post low (6yd, mid-height)",0.0,1.0,1.0,Advanced wide return (touchline channel),0.0,0.0,0.0,1,22.596000000000004,20-30 seconds,2024-09-14,Juárez,Mazatlán,0.0,0.0,0.0,0.0
3992815,7fb9be76-a59d-5461-a828-4fc0334c5da4,Monterrey,Jesús Manuel Corona Ruíz,4,20,1,Incomplete,High Pass,31.98,Inswinging,Corner,Right Foot,From Corner,Roberto Carlos De La Rosa González,120.0,0.1,115.8,31.8,0,0,0,,,BR,,,,,,,,,,,,,,,,,,,,,,,,,,,,,,,,,,,,,,,,,,,,,,,,,,,,,0,11.761000000000024,10-15 seconds,2025-04-28,Monterrey,Pachuca,0.0,0.0,0.0,0.0
3992815,0e9f9dc8-c1f8-5101-8077-07bf3a56d36c,Monterrey,Nelson Alexander Deossa Suárez,21,8,1,,Ground Pass,25.79,,Corner,Left Foot,From Corner,Jesús Manuel Corona Ruíz,120.0,80.0,116.9,54.4,7,1,4,116.7,38.9,TR,Near-post low (6yd),0.0,0.0,0.0,Far-post high (6yd),1.0,2.0,3.0,Near-post channel (outside 6yd),0.0,0.0,0.0,Central corridor (outside 6-yard),2.0,2.0,4.0,Far-post corridor (outside 6yd),0.0,0.0,0.0,Deep central channel (penalty spot depth),0.0,0.0,0.0,Far-post high channel (deep back-post),0.0,0.0,0.0,Penalty-spot corridor,1.0,1.0,2.0,Short return – near,0.0,0.0,0.0,Short return – far,0.0,0.0,0.0,Short return – central,0.0,0.0,0.0,"Far-post low (6yd, mid-height)",0.0,0.0,0.0,Advanced wide return (touchline channel),0.0,0.0,0.0,0,28.98700000000008,20-30 seconds,2025-04-28,Monterrey,Pachuca,0.0,0.0,0.0,0.0
3992815,af61e830-d677-55e2-9bcf-46276edff191,Pachuca,Elías Enrique Montiel Ávalos,23,43,1,,Ground Pass,15.37,,Corner,Right Foot,From Corner,Oussama Idrissi,120.0,0.1,105.4,4.9,10,0,5,109.7,3.7,BR,Near-post low (6yd),0.0,1.0,1.0,Far-post high (6yd),1.0,1.0,2.0,Near-post channel (outside 6yd),0.0,0.0,0.0,Central corridor (outside 6-yard),0.0,0.0,0.0,Far-post corridor (outside 6yd),1.0,3.0,4.0,Deep central channel (penalty spot depth),1.0,0.0,1.0,Far-post high channel (deep back-post),0.0,1.0,1.0,Penalty-spot corridor,2.0,0.0,2.0,Short return – near,0.0,0.0,0.0,Short return – far,0.0,0.0,0.0,Short return – central,0.0,0.0,0.0,"Far-post low (6yd, mid-height)",0.0,0.0,0.0,Advanced wide return (touchline channel),0.0,0.0,0.0,0,20.924999999999955,20-30 seconds,2025-04-28,Monterrey,Pachuca,0.0,0.0,0.0,0.0
3992815,da797bbf-4d90-529c-a2e5-8ecb566fb6d4,Pachuca,Elías Enrique Montiel Ávalos,24,11,1,,Ground Pass,22.77,,Corner,Right Foot,From Corner,Oussama Idrissi,120.0,0.1,99.0,8.9,10,0,5,101.3,9.5,BR,Near-post low (6yd),0.0,0.0,0.0,Far-post high (6yd),0.0,1.0,1.0,Near-post channel (outside 6yd),0.0,0.0,0.0,Central corridor (outside 6-yard),0.0,1.0,1.0,Far-post corridor (outside 6yd),3.0,3.0,6.0,Deep central channel (penalty spot depth),2.0,0.0,2.0,Far-post high channel (deep back-post),0.0,1.0,1.0,Penalty-spot corridor,0.0,0.0,0.0,Short return – near,0.0,0.0,0.0,Short return – far,0.0,0.0,0.0,Short return – central,0.0,0.0,0.0,"Far-post low (6yd, mid-height)",0.0,0.0,0.0,Advanced wide return (touchline channel),0.0,0.0,0.0,0,19.26800000000003,15-20 seconds,2025-04-28,Monterrey,Pachuca,0.0,0.0,0.0,0.0
3992815,f39a8675-6f87-518a-a4b8-581c2a266cbd,Monterrey,Jesús Manuel Corona Ruíz,39,5,1,Incomplete,High Pass,42.28,Outswinging,Corner,Right Foot,From Corner,,120.0,80.0,111.9,38.5,10,0,5,116.8,40.4,TR,Near-post low (6yd),0.0,0.0,0.0,Far-post high (6yd),0.0,0.0,0.0,Near-post channel (outside 6yd),0.0,0.0,0.0,Central corridor (outside 6-yard),1.0,3.0,4.0,Far-post corridor (outside 6yd),2.0,4.0,6.0,Deep central channel (penalty spot depth),1.0,1.0,2.0,Far-post high channel (deep back-post),0.0,0.0,0.0,Penalty-spot corridor,1.0,1.0,2.0,Short return – near,0.0,0.0,0.0,Short return – far,0.0,0.0,0.0,Short return – central,0.0,0.0,0.0,"Far-post low (6yd, mid-height)",0.0,0.0,0.0,Advanced wide return (touchline channel),0.0,0.0,0.0,0,34.207000000000335,30-40 seconds,2025-04-28,Monterrey,Pachuca,0.0,0.0,0.0,0.0
3992815,ae62a6d5-c2f2-5750-8be8-c9de647c22e6,Pachuca,Elías Enrique Montiel Ávalos,41,19,1,Incomplete,High Pass,37.86,Inswinging,Corner,Right Foot,From Corner,,120.0,0.1,115.6,37.7,10,0,5,100.4,4.7,BR,Near-post low (6yd),0.0,0.0,0.0,Far-post high (6yd),1.0,1.0,2.0,Near-post channel (outside 6yd),0.0,0.0,0.0,Central corridor (outside 6-yard),0.0,0.0,0.0,Far-post corridor (outside 6yd),3.0,3.0,6.0,Deep central channel (penalty spot depth),1.0,0.0,1.0,Far-post high channel (deep back-post),0.0,1.0,1.0,Penalty-spot corridor,0.0,0.0,0.0,Short return – near,0.0,0.0,0.0,Short return – far,0.0,0.0,0.0,Short return – central,0.0,0.0,0.0,"Far-post low (6yd, mid-height)",0.0,0.0,0.0,Advanced wide return (touchline channel),0.0,0.0,0.0,0,42.827999999999975,+40 seconds,2025-04-28,Monterrey,Pachuca,0.0186188128,0.0,0.0,0.0
3992815,62ff50b4-bc29-5571-87b7-4b6a5fac4578,Pachuca,Alán Ernesto Bautista Gutiérrez,45,46,2,,Ground Pass,15.94,,Corner,Right Foot,From Corner,Oussama Idrissi,120.0,0.1,104.5,3.8,10,0,5,103.6,2.1,BR,Near-post low (6yd),0.0,0.0,0.0,Far-post high (6yd),2.0,1.0,3.0,Near-post channel (outside 6yd),0.0,0.0,0.0,Central corridor (outside 6-yard),0.0,0.0,0.0,Far-post corridor (outside 6yd),2.0,3.0,5.0,Deep central channel (penalty spot depth),1.0,1.0,2.0,Far-post high channel (deep back-post),0.0,1.0,1.0,Penalty-spot corridor,0.0,0.0,0.0,Short return – near,0.0,0.0,0.0,Short return – far,0.0,0.0,0.0,Short return – central,0.0,0.0,0.0,"Far-post low (6yd, mid-height)",0.0,0.0,0.0,Advanced wide return (touchline channel),0.0,0.0,0.0,0,36.667,30-40 seconds,2025-04-28,Monterrey,Pachuca,0.0,0.0,0.0,0.0
3992815,1c53ceed-ff4b-56c2-8d6b-46d10cb53117,Monterrey,Nelson Alexander Deossa Suárez,48,51,2,,Ground Pass,9.49,,Corner,Left Foot,From Corner,Jesús Manuel Corona Ruíz,120.0,80.0,110.9,77.3,7,0,4,95.6,40.0,TR,Near-post low (6yd),0.0,0.0,0.0,Far-post high (6yd),0.0,1.0,1.0,Near-post channel (outside 6yd),0.0,0.0,0.0,Central corridor (outside 6-yard),1.0,1.0,2.0,Far-post corridor (outside 6yd),1.0,2.0,3.0,Deep central channel (penalty spot depth),0.0,0.0,0.0,Far-post high channel (deep back-post),0.0,0.0,0.0,Penalty-spot corridor,2.0,2.0,4.0,Short return – near,0.0,0.0,0.0,Short return – far,0.0,0.0,0.0,Short return – central,0.0,0.0,0.0,"Far-post low (6yd, mid-height)",0.0,0.0,0.0,Advanced wide return (touchline channel),0.0,0.0,0.0,0,24.42100000000002,20-30 seconds,2025-04-28,Monterrey,Pachuca,0.0,0.0,0.0,0.0
3992815,5650e614-4113-5b7a-a013-472c061cb460,Monterrey,Jesús Manuel Corona Ruíz,49,33,2,Incomplete,High Pass,42.03,Inswinging,Corner,Right Foot,From Corner,John Stefan Medina Ramírez,120.0,0.1,111.2,41.2,7,0,4,108.2,2.1,BR,Near-post low (6yd),0.0,0.0,0.0,Far-post high (6yd),0.0,0.0,0.0,Near-post channel (outside 6yd),1.0,1.0,2.0,Central corridor (outside 6-yard),0.0,0.0,0.0,Far-post corridor (outside 6yd),0.0,2.0,2.0,Deep central channel (penalty spot depth),0.0,0.0,0.0,Far-post high channel (deep back-post),0.0,0.0,0.0,Penalty-spot corridor,3.0,2.0,5.0,Short return – near,0.0,0.0,0.0,Short return – far,0.0,0.0,0.0,Short return – central,0.0,0.0,0.0,"Far-post low (6yd, mid-height)",0.0,0.0,0.0,Advanced wide return (touchline channel),0.0,0.0,0.0,0,35.57800000000003,30-40 seconds,2025-04-28,Monterrey,Pachuca,0.0,0.0,0.0,0.0
3992815,ff624c81-a1c5-5285-b3da-1c9aa4a0ffe8,Pachuca,Juan Alexander Sigala García,52,22,2,,Ground Pass,15.09,,Corner,Left Foot,From Corner,Elías Enrique Montiel Ávalos,120.0,80.0,105.1,77.6,0,0,0,,,TR,,,,,,,,,,,,,,,,,,,,,,,,,,,,,,,,,,,,,,,,,,,,,,,,,,,,,1,16.23599999999999,15-20 seconds,2025-04-28,Monterrey,Pachuca,0.0,0.0,0.0,0.0
3992815,51723dbf-6b48-510c-a6b8-83c973998b23,Pachuca,Elías Enrique Montiel Ávalos,58,26,2,,High Pass,42.74,Straight,Corner,Right Foot,From Corner,Oussama Idrissi,120.0,80.0,98.6,43.0,10,0,5,116.0,39.4,TR,Near-post low (6yd),0.0,0.0,0.0,Far-post high (6yd),0.0,2.0,2.0,Near-post channel (outside 6yd),0.0,0.0,0.0,Central corridor (outside 6-yard),0.0,1.0,1.0,Far-post corridor (outside 6yd),4.0,4.0,8.0,Deep central channel (penalty spot depth),1.0,0.0,1.0,Far-post high channel (deep back-post),0.0,1.0,1.0,Penalty-spot corridor,0.0,0.0,0.0,Short return – near,0.0,0.0,0.0,Short return – far,0.0,0.0,0.0,Short return – central,0.0,0.0,0.0,"Far-post low (6yd, mid-height)",0.0,0.0,0.0,Advanced wide return (touchline channel),0.0,0.0,0.0,1,28.593999999999937,20-30 seconds,2025-04-28,Monterrey,Pachuca,0.0,0.0,0.0,0.0
3992815,cf100c60-7b99-5248-80d3-3776308141e1,Pachuca,Elías Enrique Montiel Ávalos,74,45,2,Incomplete,High Pass,35.39,Inswinging,Corner,Right Foot,From Corner,,120.0,0.1,115.5,35.2,10,0,5,101.1,3.5,BR,Near-post low (6yd),0.0,0.0,0.0,Far-post high (6yd),2.0,1.0,3.0,Near-post channel (outside 6yd),0.0,0.0,0.0,Central corridor (outside 6-yard),0.0,0.0,0.0,Far-post corridor (outside 6yd),1.0,2.0,3.0,Deep central channel (penalty spot depth),2.0,1.0,3.0,Far-post high channel (deep back-post),0.0,0.0,0.0,Penalty-spot corridor,0.0,0.0,0.0,Short return – near,0.0,0.0,0.0,Short return – far,0.0,0.0,0.0,Short return – central,0.0,0.0,0.0,"Far-post low (6yd, mid-height)",0.0,1.0,1.0,Advanced wide return (touchline channel),0.0,0.0,0.0,1,28.67599999999993,20-30 seconds,2025-04-28,Monterrey,Pachuca,0.0,0.0,0.0,0.0
3992815,6c8851af-c60e-5988-a273-291abcfadbb4,Pachuca,Elías Enrique Montiel Ávalos,81,37,2,Incomplete,High Pass,37.91,Outswinging,Corner,Right Foot,From Corner,,120.0,80.0,110.5,43.3,10,0,6,116.4,40.3,TR,Near-post low (6yd),0.0,0.0,0.0,Far-post high (6yd),0.0,2.0,2.0,Near-post channel (outside 6yd),0.0,0.0,0.0,Central corridor (outside 6-yard),0.0,1.0,1.0,Far-post corridor (outside 6yd),2.0,3.0,5.0,Deep central channel (penalty spot depth),2.0,0.0,2.0,Far-post high channel (deep back-post),0.0,1.0,1.0,Penalty-spot corridor,2.0,0.0,2.0,Short return – near,0.0,0.0,0.0,Short return – far,0.0,0.0,0.0,Short return – central,0.0,0.0,0.0,"Far-post low (6yd, mid-height)",0.0,0.0,0.0,Advanced wide return (touchline channel),0.0,0.0,0.0,1,31.95699999999988,30-40 seconds,2025-04-28,Monterrey,Pachuca,0.1620107293,0.0,1.0,0.0
3993197,90db80b5-8533-5e9d-a0b4-034653a820c0,Necaxa,José Antonio Paradela,6,18,1,,Low Pass,33.92,Outswinging,Corner,Left Foot,From Corner,Agustín Palavecino,120.0,0.1,108.2,31.9,11,1,4,117.0,32.1,BR,Near-post low (6yd),0.0,1.0,1.0,Far-post high (6yd),1.0,2.0,3.0,Near-post channel (outside 6yd),0.0,0.0,0.0,Central corridor (outside 6-yard),0.0,1.0,1.0,Far-post corridor (outside 6yd),3.0,2.0,5.0,Deep central channel (penalty spot depth),0.0,0.0,0.0,Far-post high channel (deep back-post),0.0,0.0,0.0,Penalty-spot corridor,0.0,1.0,1.0,Short return – near,0.0,0.0,0.0,Short return – far,0.0,0.0,0.0,Short return – central,0.0,0.0,0.0,"Far-post low (6yd, mid-height)",0.0,0.0,0.0,Advanced wide return (touchline channel),0.0,0.0,0.0,0,46.543000000000006,+40 seconds,2025-05-09,Necaxa,Tigres UANL,0.0,0.0,0.0,0.0
3993197,bfbb4ce8-172e-5550-b534-448d02ab1b48,Necaxa,Pavel Uriel Pérez Hernández,15,1,1,,Ground Pass,25.11,,Corner,Left Foot,From Corner,Johan Rojas Echavarría,120.0,0.1,96.0,7.5,9,1,0,110.8,14.4,BR,Near-post low (6yd),0.0,1.0,1.0,Far-post high (6yd),0.0,1.0,1.0,Near-post channel (outside 6yd),0.0,0.0,0.0,Central corridor (outside 6-yard),0.0,0.0,0.0,Far-post corridor (outside 6yd),0.0,1.0,1.0,Deep central channel (penalty spot depth),0.0,0.0,0.0,Far-post high channel (deep back-post),0.0,0.0,0.0,Penalty-spot corridor,0.0,1.0,1.0,Short return – near,0.0,0.0,0.0,Short return – far,0.0,1.0,1.0,Short return – central,0.0,0.0,0.0,"Far-post low (6yd, mid-height)",0.0,0.0,0.0,Advanced wide return (touchline channel),0.0,0.0,0.0,0,12.642000000000053,10-15 seconds,2025-05-09,Necaxa,Tigres UANL,0.0,0.0,0.0,0.0
3993197,9b3ec747-f6fb-5c20-992a-11be787a98f7,Necaxa,Pavel Uriel Pérez Hernández,15,43,1,Incomplete,High Pass,31.83,Inswinging,Corner,Right Foot,From Corner,,120.0,0.1,117.1,31.8,0,0,0,,,BR,,,,,,,,,,,,,,,,,,,,,,,,,,,,,,,,,,,,,,,,,,,,,,,,,,,,,0,31.273000000000025,30-40 seconds,2025-05-09,Necaxa,Tigres UANL,0.0,0.0,0.0,0.0
3993197,12c0979d-2700-5952-8cf6-1ac5e61f0024,Tigres UANL,Diego Lainez Leyva,17,39,1,Incomplete,High Pass,39.6,Inswinging,Corner,Left Foot,From Corner,,120.0,80.0,114.4,40.8,9,1,3,94.1,46.2,TR,Near-post low (6yd),0.0,0.0,0.0,Far-post high (6yd),0.0,1.0,1.0,Near-post channel (outside 6yd),0.0,0.0,0.0,Central corridor (outside 6-yard),1.0,1.0,2.0,Far-post corridor (outside 6yd),2.0,4.0,6.0,Deep central channel (penalty spot depth),0.0,0.0,0.0,Far-post high channel (deep back-post),0.0,0.0,0.0,Penalty-spot corridor,0.0,1.0,1.0,Short return – near,0.0,0.0,0.0,Short return – far,0.0,0.0,0.0,Short return – central,0.0,0.0,0.0,"Far-post low (6yd, mid-height)",0.0,0.0,0.0,Advanced wide return (touchline channel),0.0,0.0,0.0,0,42.676000000000045,+40 seconds,2025-05-09,Necaxa,Tigres UANL,0.0,0.0,0.0,0.0
3993197,fe593c5d-eb54-52a0-a146-514cf4449501,Necaxa,José Antonio Paradela,28,42,1,,High Pass,76.15,Inswinging,Corner,Left Foot,From Corner,Pavel Uriel Pérez Hernández,120.0,80.0,111.7,4.3,0,0,0,,,TR,,,,,,,,,,,,,,,,,,,,,,,,,,,,,,,,,,,,,,,,,,,,,,,,,,,,,0,43.74000000000001,+40 seconds,2025-05-09,Necaxa,Tigres UANL,0.0,0.0,0.0,0.0
3993197,bcba7f14-2ab0-5556-b428-f2aaa1bdc7ed,Necaxa,Agustín Palavecino,36,36,1,,Ground Pass,34.17,,Corner,Right Foot,From Corner,José Antonio Paradela,120.0,0.1,89.7,15.9,0,0,0,,,BR,,,,,,,,,,,,,,,,,,,,,,,,,,,,,,,,,,,,,,,,,,,,,,,,,,,,,0,27.973999999999705,20-30 seconds,2025-05-09,Necaxa,Tigres UANL,0.1023647413,0.0,0.0,0.0
3993197,b6428e48-d7ed-5f8c-973d-5db34160b3e6,Necaxa,Johan Rojas Echavarría,45,6,1,,Ground Pass,7.32,,Corner,Right Foot,From Corner,José Antonio Paradela,120.0,0.1,114.3,4.7,0,0,0,,,BR,,,,,,,,,,,,,,,,,,,,,,,,,,,,,,,,,,,,,,,,,,,,,,,,,,,,,0,14.472999999999956,10-15 seconds,2025-05-09,Necaxa,Tigres UANL,0.108635664,0.0,0.0,0.0
3993197,cb218e0b-5b8e-5635-b0c5-5866794aca01,Necaxa,Agustín Palavecino,63,30,2,,Ground Pass,13.3,,Corner,Left Foot,From Corner,Pavel Uriel Pérez Hernández,120.0,0.1,113.5,11.7,0,0,0,,,BR,,,,,,,,,,,,,,,,,,,,,,,,,,,,,,,,,,,,,,,,,,,,,,,,,,,,,0,16.499000000000024,15-20 seconds,2025-05-09,Necaxa,Tigres UANL,0.0,0.0,0.0,0.0
3993197,c0d68655-353a-5149-ab96-8dc17a1d0a93,Necaxa,José Antonio Paradela,90,27,2,Incomplete,High Pass,37.93,Outswinging,Corner,Left Foot,From Corner,,120.0,0.1,114.3,37.6,11,0,5,87.7,36.1,BR,Near-post low (6yd),0.0,0.0,0.0,Far-post high (6yd),0.0,1.0,1.0,Near-post channel (outside 6yd),0.0,0.0,0.0,Central corridor (outside 6-yard),1.0,1.0,2.0,Far-post corridor (outside 6yd),0.0,4.0,4.0,Deep central channel (penalty spot depth),1.0,1.0,2.0,Far-post high channel (deep back-post),0.0,0.0,0.0,Penalty-spot corridor,3.0,1.0,4.0,Short return – near,0.0,0.0,0.0,Short return – far,0.0,1.0,1.0,Short return – central,0.0,0.0,0.0,"Far-post low (6yd, mid-height)",0.0,0.0,0.0,Advanced wide return (touchline channel),0.0,0.0,0.0,0,35.83699999999999,30-40 seconds,2025-05-09,Necaxa,Tigres UANL,0.0,0.0,0.0,0.0
3993197,f9e08006-6a04-5292-bd33-5fe3135006a1,Necaxa,José Antonio Paradela,91,57,2,Incomplete,High Pass,36.02,Inswinging,Corner,Left Foot,From Corner,Ricardo Saúl Monreal Morales,120.0,80.0,116.0,44.2,0,0,0,,,TR,,,,,,,,,,,,,,,,,,,,,,,,,,,,,,,,,,,,,,,,,,,,,,,,,,,,,0,27.252000000000407,20-30 seconds,2025-05-09,Necaxa,Tigres UANL,0.0,0.0,0.0,0.0
3993197,1f693262-c3bd-5740-ae4b-d073fb2d6193,Necaxa,José Antonio Paradela,100,33,2,,Ground Pass,6.61,,Corner,Right Foot,From Corner,Agustín Palavecino,120.0,80.0,114.9,75.8,0,0,0,,,TR,,,,,,,,,,,,,,,,,,,,,,,,,,,,,,,,,,,,,,,,,,,,,,,,,,,,,0,35.86299999999983,30-40 seconds,2025-05-09,Necaxa,Tigres UANL,0.0072605987,0.0,0.0,0.0
